<?xml version="1.0" encoding="UTF-8"?>
<!DOCTYPE mapper
    PUBLIC "-//mybatis.org//DTD Mapper 3.0//EN"
    "http://mybatis.org/dtd/mybatis-3-mapper.dtd">
<mapper namespace="com.cdz.o2o.dao.UserProductMapDao">
	<resultMap id="userProductResultMap" type="com.cdz.o2o.entity.UserProductMap">
		<id column="user_product_id" property="userProductId" />
		<result column="user_id" property="userId" />
		<result column="product_id" property="productId" />
		<result column="shop_id" property="shopId" />
		<result column="user_name" property="userName" />
		<result column="product_name" property="productName" />
		<result column="create_time" property="createTime" />
		<result column="point" property="point" />
		<association property="user" column="user_id"
			javaType="com.cdz.o2o.entity.PersonInfo">
			<id column="user_id" property="userId" />
			<result column="name" property="name" />
			<result column="birthday" property="birthday" />
			<result column="gender" property="gender" />
			<result column="phone" property="phone" />
			<result column="email" property="email" />
			<result column="profile_img" property="profileImg" />
			<result column="customer_flag" property="customerFlag" />
			<result column="shop_owner_flag" property="shopOwnerFlag" />
			<result column="admin_flag" property="adminFlag" />
			<result column="create_time" property="createTime" />
			<result column="last_edit_time" property="lastEditTime" />
			<result column="enable_status" property="enableStatus" />
		</association>
		<association property="product" column="product_id"
			javaType="com.cdz.o2o.entity.Product">
			<id column="product_id" property="productId" />
			<result column="product_name" property="productName" />
			<result column="product_desc" property="productDesc" />
			<result column="img_addr" property="imgAddr" />
			<result column="normal_price" property="normalPrice" />
			<result column="promotion_price" property="promotionPrice" />
			<result column="priority" property="priority" />
			<result column="create_time" property="createTime" />
			<result column="last_edit_time" property="lastEditTime" />
			<result column="enable_status" property="enableStatus" />
			<result column="point" property="point" />
		</association>
		<association property="shop" column="shop_id"
			javaType="com.cdz.o2o.entity.Shop">
			<id column="shop_id" property="shopId" />
			<result column="shop_name" property="shopName" />
			<result column="shop_desc" property="shopDesc" />
			<result column="shop_addr" property="shopAddr" />
			<result column="phone" property="phone" />
			<result column="shop_img" property="shopImg" />
			<result column="longitude" property="longitude" />
			<result column="latitude" property="latitude" />
			<result column="priority" property="priority" />
			<result column="create_time" property="createTime" />
			<result column="last_edit_time" property="lastEditTime" />
			<result column="enable_status" property="enableStatus" />
			<result column="advice" property="advice" />
		</association>
	</resultMap>
	<select id="queryUserProductMapList" resultMap="userProductResultMap">
		SELECT
		upm.user_product_id,
		upm.user_id,
		upm.product_id,
		upm.shop_id,
		upm.user_name,
		upm.product_name,
		upm.create_time,
		upm.point,
		s.shop_name
		FROM
		tb_user_product_map upm
		LEFT JOIN
		tb_shop s
		ON
		upm.shop_id =
		s.shop_id
		<where>
			<if test="userProductCondition.userId!=null">
				and upm.user_id = #{userProductCondition.userId}
			</if>
			<if test="userProductCondition.shopId!=null">
				and upm.shop_id = #{userProductCondition.shopId}
			</if>
			<!-- 写like语句的时候 一般都会写成 like '% %' 在mybatis里面写就是应该是 like '%${name} %' 而不是 
				'%#{name} %' ${name} 是不带单引号的，而#{name} 是带单引号的 -->
			<if test="userProductCondition.userName!=null">
				and upm.user_name like '%${userProductCondition.userName}%'
			</if>
			<if test="userProductCondition.productName!=null">
				and upm.product_name like
				'%${userProductCondition.productName}%'
			</if>
			<if test="userProductCondition.createTime!=null">
				and upm.create_time > #{userProductCondition.createTime}
			</if>
		</where>
		LIMIT #{rowIndex},#{pageSize};
	</select>
	<select id="queryUserProductMapCount" resultType="int">
		SELECT
		count(1)
		FROM
		tb_user_product_map
		<where>
			<if test="userProductCondition.userId!=null">
				and user_id = #{userProductCondition.userId}
			</if>
			<if test="userProductCondition.shopId!=null">
				and shop_id = #{userProductCondition.shopId}
			</if>
			<!-- 写like语句的时候 一般都会写成 like '% %' 在mybatis里面写就是应该是 like '%${name} %' 而不是 
				'%#{name} %' ${name} 是不带单引号的，而#{name} 是带单引号的 -->
			<if test="userProductCondition.userName!=null">
				and user_name like '%${userProductCondition.userName}%'
			</if>
			<if test="userProductCondition.productName!=null">
				and product_name like
				'%${userProductCondition.productName}%'
			</if>
			<if test="userProductCondition.createTime!=null">
				and create_time > #{userProductCondition.createTime}
			</if>
		</where>
	</select>
	<insert id="insertUserProductMap" parameterType="com.cdz.o2o.entity.UserProductMap"
		useGeneratedKeys="true" keyProperty="userProductId" keyColumn="user_product_id">
		INSERT
		INTO
		tb_user_product_map(user_id,product_id,shop_id,
		user_name,product_name,create_time,point)
		VALUES
		(#{userId},#{productId},#{shopId},
		#{userName},#{productName},#{createTime},#{point})
	</insert>
</mapper>