<?xml version="1.0" encoding="UTF-8"?>
<!DOCTYPE mapper PUBLIC "-//mybatis.org//DTD Mapper 3.0//EN" "http://mybatis.org/dtd/mybatis-3-mapper.dtd">
<mapper namespace="edu.fjnu.mapper.VersionMapper">
  <resultMap id="BaseResultMap" type="edu.fjnu.entity.Version">
    <id column="ver_id" jdbcType="INTEGER" property="verId" />
    <result column="item_id" jdbcType="INTEGER" property="itemId" />
    <result column="ver_num" jdbcType="DOUBLE" property="verNum" />
    <result column="ver_alert_time" jdbcType="TIMESTAMP" property="verAlertTime" />
    <result column="ver_alert_people" jdbcType="VARCHAR" property="verAlertPeople" />
    <result column="jh_biggest_num" jdbcType="DOUBLE" property="jhBiggestNum" />
    <result column="yl_biggest_num" jdbcType="DOUBLE" property="ylBiggestNum" />
    <result column="jl_biggest_num" jdbcType="DOUBLE" property="jlBiggestNum" />
    <result column="qx_biggest_num" jdbcType="DOUBLE" property="qxBiggestNum" />
    <result column="bg_biggest_num" jdbcType="DOUBLE" property="bgBiggestNum" />
    <result column="sh_biggest_num" jdbcType="DOUBLE" property="shBiggestNum" />
    <result column="qt_biggest_num" jdbcType="DOUBLE" property="qtBiggestNum" />
    <result column="ver_content" jdbcType="LONGVARCHAR" property="verContent" />
    <result column="test_jh_path" jdbcType="LONGVARCHAR" property="testJhPath" />
    <result column="test_yl_path" jdbcType="LONGVARCHAR" property="testYlPath" />
    <result column="test_jl_path" jdbcType="LONGVARCHAR" property="testJlPath" />
    <result column="test_qx_path" jdbcType="LONGVARCHAR" property="testQxPath" />
    <result column="test_bg_path" jdbcType="LONGVARCHAR" property="testBgPath" />
    <result column="test_sh_path" jdbcType="LONGVARCHAR" property="testShPath" />
    <result column="test_qt_path" jdbcType="LONGVARCHAR" property="testQtPath" />
  </resultMap>
  <sql id="Base_Column_List">
    ver_id, item_id, ver_num, ver_alert_time, ver_alert_people, jh_biggest_num, yl_biggest_num, 
    jl_biggest_num, qx_biggest_num, bg_biggest_num, sh_biggest_num, qt_biggest_num,ver_content,
    test_jh_path, test_yl_path, test_jl_path, test_qx_path, test_bg_path,test_sh_path, test_qt_path
  </sql>

  <select id="selectByPrimaryKey" parameterType="java.lang.Integer" resultMap="BaseResultMap">
    select 
    <include refid="Base_Column_List" />
    from tb_version
    where ver_id = #{verId,jdbcType=INTEGER}
  </select>
  <select id="selectByItemId" parameterType="java.lang.Integer" resultMap="BaseResultMap">
    select
    <include refid="Base_Column_List" />
    from tb_version
    where item_id = #{itemId,jdbcType=INTEGER}
  </select>
  <select id="findAllVersion" resultMap="BaseResultMap">
    select
    <include refid="Base_Column_List" />
    from tb_version
    order by ver_id
  </select>
  <delete id="deleteByPrimaryKey" parameterType="java.lang.Integer">
    delete from tb_version
    where ver_id = #{verId,jdbcType=INTEGER}
  </delete>
  <insert id="insert" parameterType="edu.fjnu.entity.Version">
    insert into tb_version (ver_id, item_id, ver_num, 
      ver_alert_time, ver_alert_people, jh_biggest_num, 
      yl_biggest_num, jl_biggest_num, qx_biggest_num, 
      bg_biggest_num, sh_biggest_num, qt_biggest_num, 
      ver_content, test_jh_path, test_yl_path, 
      test_jl_path, test_qx_path, test_bg_path, 
      test_sh_path, test_qt_path)
    values (#{verId,jdbcType=INTEGER}, #{itemId,jdbcType=INTEGER}, #{verNum,jdbcType=DOUBLE},
      #{verAlertTime,jdbcType=TIMESTAMP}, #{verAlertPeople,jdbcType=VARCHAR}, #{jhBiggestNum,jdbcType=DOUBLE}, 
      #{ylBiggestNum,jdbcType=DOUBLE}, #{jlBiggestNum,jdbcType=DOUBLE}, #{qxBiggestNum,jdbcType=DOUBLE}, 
      #{bgBiggestNum,jdbcType=DOUBLE}, #{shBiggestNum,jdbcType=DOUBLE}, #{qtBiggestNum,jdbcType=DOUBLE}, 
      #{verContent,jdbcType=LONGVARCHAR}, #{testJhPath,jdbcType=LONGVARCHAR}, #{testYlPath,jdbcType=LONGVARCHAR}, 
      #{testJlPath,jdbcType=LONGVARCHAR}, #{testQxPath,jdbcType=LONGVARCHAR}, #{testBgPath,jdbcType=LONGVARCHAR}, 
      #{testShPath,jdbcType=LONGVARCHAR}, #{testQtPath,jdbcType=LONGVARCHAR})
  </insert>
  <insert id="insertSelective" parameterType="edu.fjnu.entity.Version">
    insert into tb_version
    <trim prefix="(" suffix=")" suffixOverrides=",">
      <if test="verId != null">
        ver_id,
      </if>
      <if test="itemId != null">
        item_id,
      </if>
      <if test="verNum != null">
        ver_num,
      </if>
      <if test="verAlertTime != null">
        ver_alert_time,
      </if>
      <if test="verAlertPeople != null">
        ver_alert_people,
      </if>
      <if test="jhBiggestNum != null">
        jh_biggest_num,
      </if>
      <if test="ylBiggestNum != null">
        yl_biggest_num,
      </if>
      <if test="jlBiggestNum != null">
        jl_biggest_num,
      </if>
      <if test="qxBiggestNum != null">
        qx_biggest_num,
      </if>
      <if test="bgBiggestNum != null">
        bg_biggest_num,
      </if>
      <if test="shBiggestNum != null">
        sh_biggest_num,
      </if>
      <if test="qtBiggestNum != null">
        qt_biggest_num,
      </if>
      <if test="verContent != null">
        ver_content,
      </if>
      <if test="testJhPath != null">
        test_jh_path,
      </if>
      <if test="testYlPath != null">
        test_yl_path,
      </if>
      <if test="testJlPath != null">
        test_jl_path,
      </if>
      <if test="testQxPath != null">
        test_qx_path,
      </if>
      <if test="testBgPath != null">
        test_bg_path,
      </if>
      <if test="testShPath != null">
        test_sh_path,
      </if>
      <if test="testQtPath != null">
        test_qt_path,
      </if>
    </trim>
    <trim prefix="values (" suffix=")" suffixOverrides=",">
      <if test="verId != null">
        #{verId,jdbcType=INTEGER},
      </if>
      <if test="itemId != null">
        #{itemId,jdbcType=INTEGER},
      </if>
      <if test="verNum != null">
        #{verNum,jdbcType=DOUBLE},
      </if>
      <if test="verAlertTime != null">
        #{verAlertTime,jdbcType=TIMESTAMP},
      </if>
      <if test="verAlertPeople != null">
        #{verAlertPeople,jdbcType=VARCHAR},
      </if>
      <if test="jhBiggestNum != null">
        #{jhBiggestNum,jdbcType=DOUBLE},
      </if>
      <if test="ylBiggestNum != null">
        #{ylBiggestNum,jdbcType=DOUBLE},
      </if>
      <if test="jlBiggestNum != null">
        #{jlBiggestNum,jdbcType=DOUBLE},
      </if>
      <if test="qxBiggestNum != null">
        #{qxBiggestNum,jdbcType=DOUBLE},
      </if>
      <if test="bgBiggestNum != null">
        #{bgBiggestNum,jdbcType=DOUBLE},
      </if>
      <if test="shBiggestNum != null">
        #{shBiggestNum,jdbcType=DOUBLE},
      </if>
      <if test="qtBiggestNum != null">
        #{qtBiggestNum,jdbcType=DOUBLE},
      </if>
      <if test="verContent != null">
        #{verContent,jdbcType=LONGVARCHAR},
      </if>
      <if test="testJhPath != null">
        #{testJhPath,jdbcType=LONGVARCHAR},
      </if>
      <if test="testYlPath != null">
        #{testYlPath,jdbcType=LONGVARCHAR},
      </if>
      <if test="testJlPath != null">
        #{testJlPath,jdbcType=LONGVARCHAR},
      </if>
      <if test="testQxPath != null">
        #{testQxPath,jdbcType=LONGVARCHAR},
      </if>
      <if test="testBgPath != null">
        #{testBgPath,jdbcType=LONGVARCHAR},
      </if>
      <if test="testShPath != null">
        #{testShPath,jdbcType=LONGVARCHAR},
      </if>
      <if test="testQtPath != null">
        #{testQtPath,jdbcType=LONGVARCHAR},
      </if>
    </trim>
  </insert>
  <update id="updateByPrimaryKeySelective" parameterType="edu.fjnu.entity.Version">
    update tb_version
    <set>
      <if test="itemId != null">
        item_id = #{itemId,jdbcType=INTEGER},
      </if>
      <if test="verNum != null">
        ver_num = #{verNum,jdbcType=DOUBLE},
      </if>
      <if test="verAlertTime != null">
        ver_alert_time = #{verAlertTime,jdbcType=TIMESTAMP},
      </if>
      <if test="verAlertPeople != null">
        ver_alert_people = #{verAlertPeople,jdbcType=VARCHAR},
      </if>
      <if test="jhBiggestNum != null">
        jh_biggest_num = #{jhBiggestNum,jdbcType=DOUBLE},
      </if>
      <if test="ylBiggestNum != null">
        yl_biggest_num = #{ylBiggestNum,jdbcType=DOUBLE},
      </if>
      <if test="jlBiggestNum != null">
        jl_biggest_num = #{jlBiggestNum,jdbcType=DOUBLE},
      </if>
      <if test="qxBiggestNum != null">
        qx_biggest_num = #{qxBiggestNum,jdbcType=DOUBLE},
      </if>
      <if test="bgBiggestNum != null">
        bg_biggest_num = #{bgBiggestNum,jdbcType=DOUBLE},
      </if>
      <if test="shBiggestNum != null">
        sh_biggest_num = #{shBiggestNum,jdbcType=DOUBLE},
      </if>
      <if test="qtBiggestNum != null">
        qt_biggest_num = #{qtBiggestNum,jdbcType=DOUBLE},
      </if>
      <if test="verContent != null">
        ver_content = #{verContent,jdbcType=LONGVARCHAR},
      </if>
      <if test="testJhPath != null">
        test_jh_path = #{testJhPath,jdbcType=LONGVARCHAR},
      </if>
      <if test="testYlPath != null">
        test_yl_path = #{testYlPath,jdbcType=LONGVARCHAR},
      </if>
      <if test="testJlPath != null">
        test_jl_path = #{testJlPath,jdbcType=LONGVARCHAR},
      </if>
      <if test="testQxPath != null">
        test_qx_path = #{testQxPath,jdbcType=LONGVARCHAR},
      </if>
      <if test="testBgPath != null">
        test_bg_path = #{testBgPath,jdbcType=LONGVARCHAR},
      </if>
      <if test="testShPath != null">
        test_sh_path = #{testShPath,jdbcType=LONGVARCHAR},
      </if>
      <if test="testQtPath != null">
        test_qt_path = #{testQtPath,jdbcType=LONGVARCHAR},
      </if>
    </set>
    where ver_id = #{verId,jdbcType=INTEGER}
  </update>
  <update id="updateByPrimaryKey" parameterType="edu.fjnu.entity.Version">
    update tb_version
    set item_id = #{itemId,jdbcType=INTEGER},
      ver_num = #{verNum,jdbcType=DOUBLE},
      ver_alert_time = #{verAlertTime,jdbcType=TIMESTAMP},
      ver_alert_people = #{verAlertPeople,jdbcType=VARCHAR},
      jh_biggest_num = #{jhBiggestNum,jdbcType=DOUBLE},
      yl_biggest_num = #{ylBiggestNum,jdbcType=DOUBLE},
      jl_biggest_num = #{jlBiggestNum,jdbcType=DOUBLE},
      qx_biggest_num = #{qxBiggestNum,jdbcType=DOUBLE},
      bg_biggest_num = #{bgBiggestNum,jdbcType=DOUBLE},
      sh_biggest_num = #{shBiggestNum,jdbcType=DOUBLE},
      qt_biggest_num = #{qtBiggestNum,jdbcType=DOUBLE},
      ver_content = #{verContent,jdbcType=LONGVARCHAR},
      test_jh_path = #{testJhPath,jdbcType=LONGVARCHAR},
      test_yl_path = #{testYlPath,jdbcType=LONGVARCHAR},
      test_jl_path = #{testJlPath,jdbcType=LONGVARCHAR},
      test_qx_path = #{testQxPath,jdbcType=LONGVARCHAR},
      test_bg_path = #{testBgPath,jdbcType=LONGVARCHAR},
      test_sh_path = #{testShPath,jdbcType=LONGVARCHAR},
      test_qt_path = #{testQtPath,jdbcType=LONGVARCHAR}
    where ver_id = #{verId,jdbcType=INTEGER}
  </update>
</mapper>